sampleID,chr,pos,ref,mut
Cordblood_D2,2,25246204,G,T
Cordblood_D2,2,239111600,G,A
Cordblood_D2,19,11026333,G,T
Cordblood_D2,19,11026333,G,T
Cordblood_D2,19,11026333,G,T
Cordblood_H1,22,28695852,T,C
Cordblood_H1,22,28695852,T,C
Cordblood_H1,22,28695852,T,C
Cordblood_H1,22,28695853,G,A
Cordblood_H1,22,28695853,G,A
Cordblood_H2,22,28695852,T,C
Cordblood_H2,22,28695852,T,C
Cordblood_H2,22,28695852,T,C
Cordblood_H2,22,28695853,G,A
Cordblood_H2,22,28695853,G,A
Cordblood_H3,19,4117530,G,A
Cordblood_H3,22,28695852,T,C
Cordblood_H3,22,28695852,T,C
Cordblood_H3,22,28695852,T,C
Cordblood_H3,22,28695853,G,A
Cordblood_H3,22,28695853,G,A
Cordblood_H3,X,124332973,G,C
Cordblood_H4,22,28694101,C,A
Cordblood_H4,22,28694101,C,A
Cordblood_H8,22,28694101,C,A
Cordblood_H8,22,28694101,C,A
UKCTOCS_UDI6,5,177515775,C,A
UKCTOCS_UDI6,12,45852480,G,T
UKCTOCS_UDI6,17,76736877,G,A
UKCTOCS_UDI6,22,28699858,G,A
UKCTOCS_UDI6,22,28699858,G,A
UKCTOCS_UDI6,22,28699858,G,A
UKCTOCS_UDI6,X,130013451,G,C
UKCTOCS_UDI7,3,66380748,G,T
UKCTOCS_UDI7,20,32369049,C,T
UKCTOCS_UDI7,20,58853831,C,A
UKCTOCS_UDI7,20,58854637,G,A
UKCTOCS_UDI7,22,41176895,C,T
UKCTOCS_UDI7,X,71122298,C,A
UKCTOCS_UDI8,2,25234444,G,T
UDI21_3x,1,26761025,C,T
UDI21_3x,3,77098020,G,A
UDI21_3x,3,77588884,A,T
UDI21_3x,3,77588911,G,A
UDI21_3x,3,77622341,C,T
UDI21_3x,3,77642937,G,A
UDI21_3x,3,78636067,G,T
UDI21_3x,3,189868681,C,T
UDI21_3x,10,110603243,C,T
UDI21_3x,12,45848900,T,A
UDI21_3x,16,88823521,G,A
UDI21_3x,17,7673523,A,G
UDI21_3x,17,7673523,A,G
UDI21_3x,17,7673523,A,G
UDI21_3x,17,7673523,A,G
UDI21_3x,19,4123919,C,G
UDI21_3x,19,10987741,C,T
UDI21_3x,20,58898895,T,C
UDI21_3x,20,58898895,T,C
UDI21_3x,21,34799424,C,A
UDI21_3x,X,124385658,C,T
UDI22_3x,2,25244247,C,T
UDI22_3x,3,77565006,C,T
UDI22_3x,3,77646183,A,G
UDI22_3x,3,77646183,A,G
UDI22_3x,3,78668513,G,T
UDI22_3x,3,189867879,G,A
UDI22_3x,7,140749271,C,G
UDI22_3x,7,140749271,C,G
UDI22_3x,7,148817330,A,G
UDI22_3x,11,119309882,G,A
UDI22_3x,16,88823700,G,A
UDI22_3x,17,1658575,A,T
UDI22_3x,17,1658575,A,T
UDI22_3x,19,10996608,C,A
UDI22_3x,19,10996608,C,A
UDI22_3x,21,34792065,A,G
UDI22_3x,21,34792065,A,G
UDI22_3x,22,28695756,T,G
UDI22_3x,22,28695756,T,G
UDI22_3x,22,28695756,T,G
UDI22_3x,22,41150176,T,G
UDI22_3x,X,124068614,T,C
UDI22_3x,X,124090665,C,T
LEGACY_I7,2,25240306,A,C
LEGACY_I7,2,25241621,C,T
LEGACY_I7,2,25243930,C,T
LEGACY_I7,2,25275153,C,T
LEGACY_I7,3,77603062,T,C
LEGACY_I7,X,53411825,T,C
LEGACY_I7,X,53411825,T,C
LEGACY_I7,X,71137219,C,T
LEGACY_I7,X,130034538,T,A
LEGACY_I8,19,10995929,T,G
LEGACY_I8,22,28689072,C,T
LEGACY_I8,22,28689072,C,T
LEGACY_I8,22,28689072,C,T
LEGACY_I8,22,28689180,C,G
LEGACY_I8,22,28689180,C,G
LEGACY_I8,22,28689269,A,G
LEGACY_I8,22,28689269,A,G
LEGACY_I8,X,71121002,G,T
CUH832_PBMC_CD4,2,25248133,G,A
CUH832_PBMC_CD4,3,77098238,G,A
CUH832_PBMC_CD4,11,119296954,A,G
CUH832_PBMC_CD4,22,28689180,C,G
CUH832_PBMC_CD4,22,28689180,C,G
CUH832_PBMC_CD4,22,28695852,T,C
CUH832_PBMC_CD4,22,28695852,T,C
CUH832_PBMC_CD4,22,28695852,T,C
CUH832_PBMC_CD4,22,28695853,G,A
CUH832_PBMC_CD4,22,28695853,G,A
CUH832_PBMC_CD4,X,130012993,C,T
CUH832_PBMC_CD8,3,136443313,A,G
CUH832_PBMC_CD8,5,177512653,G,A
CUH832_PBMC_CD8,11,108281097,G,A
CUH832_PBMC_CD8,11,108281097,G,A
CUH832_PBMC_CD8,11,108281097,G,A
CUH832_PBMC_CD8,11,108281097,G,A
CUH832_PBMC_CD8,16,88823513,C,T
CUH832_PBMC_CD8,16,88823521,G,A
CUH832_PBMC_CD8,20,58905403,G,C
CUH832_PBMC_CD8,20,58905403,G,C
CUH832_PBMC_CD8,X,124422417,G,A
CUH832_TILS_CD4,2,239115308,G,T
CUH832_TILS_CD4,2,239163927,G,A
CUH832_TILS_CD4,3,77647083,G,A
CUH832_TILS_CD4,3,77647083,G,A
CUH832_TILS_CD4,3,77647083,G,A
CUH832_TILS_CD4,3,77647083,G,A
CUH832_TILS_CD4,3,77647083,G,A
CUH832_TILS_CD4,3,78746816,C,T
CUH832_TILS_CD4,3,78746875,G,T
CUH832_TILS_CD4,3,189880123,A,G
CUH832_TILS_CD4,9,5022042,A,G
CUH832_TILS_CD4,11,108267177,T,G
CUH832_TILS_CD4,11,108267177,T,G
CUH832_TILS_CD4,11,108267177,T,G
CUH832_TILS_CD4,11,108267177,T,G
CUH832_TILS_CD4,12,45837634,C,T
CUH832_TILS_CD4,16,88823521,G,A
CUH832_TILS_CD4,18,45063142,G,A
CUH832_TILS_CD4,22,28689180,C,G
CUH832_TILS_CD4,22,28689180,C,G
CUH832_TILS_CD4,22,28695852,T,C
CUH832_TILS_CD4,22,28695852,T,C
CUH832_TILS_CD4,22,28695852,T,C
CUH832_TILS_CD4,22,28695853,G,A
CUH832_TILS_CD4,22,28695853,G,A
CUH832_TILS_CD4,X,124086621,C,T
CUH832_TILS_CD8,3,75937507,A,C
CUH832_TILS_CD8,3,77550897,A,T
CUH832_TILS_CD8,11,108244046,G,T
CUH832_TILS_CD8,11,108244046,G,T
CUH832_TILS_CD8,18,44952056,C,A
CUH832_TILS_CD8,21,34859624,T,C
CUH832_TILS_CD8,22,41117787,G,C
UDI23_3x,1,114707621,G,A
UDI23_3x,2,25240390,T,A
UDI23_3x,2,25243931,G,A
UDI23_3x,3,77550901,T,A
UDI23_3x,3,77574527,G,C
UDI23_3x,3,77634978,A,C
UDI23_3x,3,78657150,G,C
UDI23_3x,3,78717349,A,G
UDI23_3x,3,128480365,C,G
UDI23_3x,3,136422836,C,T
UDI23_3x,3,189631549,C,T
UDI23_3x,3,189631549,C,T
UDI23_3x,3,189868599,C,T
UDI23_3x,4,105235866,C,T
UDI23_3x,4,105237352,G,A
UDI23_3x,11,119278281,G,A
UDI23_3x,11,119278281,G,A
UDI23_3x,11,119278281,G,A
UDI23_3x,11,119278281,G,A
UDI23_3x,11,119299736,C,T
UDI23_3x,12,25225627,G,A
UDI23_3x,17,1656406,T,C
UDI23_3x,17,7676558,G,A
UDI23_3x,17,7676558,G,A
UDI23_3x,17,7676558,G,A
UDI23_3x,17,7676558,G,A
UDI23_3x,18,44952325,G,A
UDI23_3x,22,28741786,A,G
UDI23_3x,22,28741786,A,G
UDI23_3x,22,28741786,A,G
UDI23_3x,22,28741786,A,G
UDI23_3x,22,28741786,A,G
UDI23_3x,22,28741786,A,G
UDI23_3x,22,28741786,A,G
UDI23_3x,22,28741786,A,G
UDI24_3x,1,36473802,C,G
UDI24_3x,2,197435079,T,C
UDI24_3x,2,208243520,G,C
UDI24_3x,3,77098088,G,A
UDI24_3x,3,77568283,G,A
UDI24_3x,3,77632643,C,T
UDI24_3x,3,77647111,T,A
UDI24_3x,3,78606742,G,T
UDI24_3x,3,128481030,C,T
UDI24_3x,3,128481030,C,T
UDI24_3x,3,128481030,C,T
UDI24_3x,3,128481030,C,T
UDI24_3x,3,128481030,C,T
UDI24_3x,3,128481030,C,T
UDI24_3x,4,54727560,G,A
UDI24_3x,4,54731902,C,G
UDI24_3x,4,105276223,A,G
UDI24_3x,8,25483433,C,T
UDI24_3x,11,32433976,T,A
UDI24_3x,11,108345819,G,A
UDI24_3x,11,108345819,G,A
UDI24_3x,12,25205633,A,G
UDI24_3x,13,28048421,G,T
UDI24_3x,15,90087462,G,A
UDI24_3x,17,1684824,G,A
UDI24_3x,17,1684824,G,A
UDI24_3x,17,1684824,G,A
UDI24_3x,17,1684824,G,A
UDI24_3x,17,1684824,G,A
UDI24_3x,17,1684824,G,A
UDI24_3x,17,1684824,G,A
UDI24_3x,17,1684824,G,A
UDI24_3x,17,1684824,G,A
UDI24_3x,18,44701436,T,C
UDI24_3x,19,4094893,C,T
UDI24_3x,21,34789075,A,G
UDI24_3x,21,34789075,A,G
UDI24_3x,21,34789075,A,G
UDI24_3x,21,34887038,C,T
UDI24_3x,X,40073667,G,A
UDI24_3x,X,40105659,G,C
UDI24_3x,X,71127405,T,A
UKCTOCS_UDI1,3,66410472,C,T
UKCTOCS_UDI1,3,76311409,G,A
UKCTOCS_UDI1,3,77580007,C,T
UKCTOCS_UDI1,3,77622313,C,T
UKCTOCS_UDI1,3,128493074,G,T
UKCTOCS_UDI1,3,128493074,G,T
UKCTOCS_UDI1,3,128493074,G,T
UKCTOCS_UDI1,4,105236688,C,T
UKCTOCS_UDI1,7,148809302,G,A
UKCTOCS_UDI1,7,148809302,G,A
UKCTOCS_UDI1,11,108354810,G,A
UKCTOCS_UDI1,11,108354810,G,A
UKCTOCS_UDI1,11,108354810,G,A
UKCTOCS_UDI1,17,1653947,C,T
UKCTOCS_UDI1,20,58909541,A,G
UKCTOCS_UDI1,X,124333952,G,T
UKCTOCS_UDI2,1,43353265,C,T
UKCTOCS_UDI2,2,197393033,C,T
UKCTOCS_UDI2,3,77563230,C,T
UKCTOCS_UDI2,3,77577451,G,T
UKCTOCS_UDI2,3,78614710,G,A
UKCTOCS_UDI2,3,189868716,C,T
UKCTOCS_UDI2,4,105269704,A,C
UKCTOCS_UDI2,8,25466321,C,T
UKCTOCS_UDI2,8,25469974,T,A
UKCTOCS_UDI2,8,116858367,G,A
UKCTOCS_UDI2,11,119278580,C,T
UKCTOCS_UDI2,11,119299803,G,T
UKCTOCS_UDI2,11,119303491,T,A
UKCTOCS_UDI2,19,11030747,G,A
UKCTOCS_UDI2,19,11030747,G,A
UKCTOCS_UDI2,19,11030747,G,A
UKCTOCS_UDI2,X,130015435,A,G
UKCTOCS_UDI3,2,25251904,G,T
UKCTOCS_UDI3,3,77522959,T,C
UKCTOCS_UDI3,8,25460506,G,T
UKCTOCS_UDI3,12,11752572,G,T
UKCTOCS_UDI3,17,1659937,C,T
UKCTOCS_UDI3,17,1673144,C,G
UKCTOCS_UDI3,22,28687938,C,T
UKCTOCS_UDI4,3,77588856,G,C
UKCTOCS_UDI4,3,78631171,C,T
UKCTOCS_UDI4,9,5114379,C,T
UKCTOCS_UDI4,18,44951402,G,T
UKCTOCS_UDI4,22,28689072,C,T
UKCTOCS_UDI4,22,28689072,C,T
UKCTOCS_UDI4,22,28689072,C,T
UKCTOCS_UDI4,22,28689180,C,G
UKCTOCS_UDI4,22,28689180,C,G
UKCTOCS_UDI4,X,71124276,G,A
UKCTOCS_UDI5,20,58905400,C,T
Cordblood_H6,3,77527316,C,T
LEGACY_I1,11,119312792,C,T
LEGACY_I1,18,44959645,C,T
LEGACY_I2,1,26775584,G,A
LEGACY_I2,1,26775758,G,A
LEGACY_I2,2,25243931,G,A
LEGACY_I2,3,77098047,G,A
LEGACY_I2,3,136341489,C,T
LEGACY_I2,4,105241330,T,A
LEGACY_I2,4,105276203,C,G
LEGACY_I2,7,140801611,T,G
LEGACY_I2,17,7675097,A,C
LEGACY_I2,17,7675097,A,C
LEGACY_I2,20,58908000,A,C
LEGACY_I2,20,58909366,G,A
LEGACY_I2,22,28689072,C,T
LEGACY_I2,22,28689072,C,T
LEGACY_I2,22,28689072,C,T
LEGACY_I3,3,128480607,C,T
LEGACY_I3,3,128480607,C,T
LEGACY_I3,3,128480607,C,T
LEGACY_I3,3,128480607,C,T
LEGACY_I3,3,128480607,C,T
LEGACY_I3,4,105235572,C,T
LEGACY_I3,17,1678574,G,A
LEGACY_I3,22,28695852,T,C
LEGACY_I3,22,28695852,T,C
LEGACY_I3,22,28695852,T,C
LEGACY_I3,22,28695853,G,A
LEGACY_I3,22,28695853,G,A
LEGACY_I3,X,53374936,C,T
LEGACY_I3,X,124384049,T,G
LEGACY_I4,3,77622341,C,T
LEGACY_I4,3,77642895,C,T
LEGACY_I4,3,77647580,G,A
LEGACY_I4,3,77647580,G,A
LEGACY_I4,3,77647580,G,A
LEGACY_I4,9,5077580,A,G
LEGACY_I4,11,32388970,T,C
LEGACY_I4,11,32388970,T,C
LEGACY_I4,11,32388970,T,C
LEGACY_I4,12,25250829,C,T
LEGACY_I4,15,66435173,C,T
LEGACY_I5,3,78633943,C,T
LEGACY_I5,4,105235590,C,T
LEGACY_I5,10,110590434,G,A
LEGACY_I5,11,32428657,G,A
LEGACY_I5,11,32428657,G,A
LEGACY_I5,21,34787975,G,A
LEGACY_I5,21,34787975,G,A
LEGACY_I5,X,130015460,T,A
LEGACY_I6,2,25243936,G,A
LEGACY_I6,2,25244321,C,T
LEGACY_I6,2,25244563,C,T
LEGACY_I6,3,128487007,G,C
LEGACY_I6,3,128487007,G,C
LEGACY_I6,3,128487007,G,C
LEGACY_I6,4,54739985,T,C
LEGACY_I6,9,5069017,T,C
LEGACY_I6,17,7669362,C,T
LEGACY_I6,17,7669362,C,T
